{
    "accuracy": 0.9684329199549042,
    "f1": 0.9582089552238806,
    "roc_auc": 0.9954503996995546
}